<application>
  <component name="ConsoleFoldingSettings">
    <option name="addedPositive">
      <list>
        <option value="[SurfaceTexture-0-13659-0] setAsyncMode: BufferQueue has been abandoned" />
        <option value="app_time_stats" />
        <option value="BufferQueue has no connected producer" />
        <option value="dequeueBuffer: BufferQueue has been abandoned" />
        <option value="I/Braze v23.3.0 .Braze(13659): Requesting immediate data flush to Braze." />
        <option value="Requesting immediate data flush to Braze." />
        <option value="setAsyncMode: BufferQueue has been abandoned" />
        <option value="Unset optional value from type" />
        <option value="ViewPostIme pointer" />
      </list>
    </option>
  </component>
</application>