<application>
  <component name="com.intellij.ide.ui.customization.CustomActionsSchema">
    <group value="TouchBar" is_group="true" forse_popup="false" action_type="-1" position="23">
      <path value="root" />
      <option name="myInitialPosition" value="-1" />
    </group>
    <group value="TouchBar" is_group="true" forse_popup="false" action_type="-1" position="23">
      <path value="root" />
      <option name="myInitialPosition" value="-1" />
    </group>
    <group value="StreamingToolbarVirtualDevice" is_group="true" forse_popup="false" action_type="-1" position="22">
      <path value="root" />
      <option name="myInitialPosition" value="-1" />
    </group>
    <group value="StreamingToolbarVirtualDevice" is_group="true" forse_popup="false" action_type="-1" position="22">
      <path value="root" />
      <option name="myInitialPosition" value="-1" />
    </group>
    <group value="TouchBar" is_group="true" forse_popup="false" action_type="-1" position="22">
      <path value="root" />
      <option name="myInitialPosition" value="-1" />
    </group>
    <group value="Vcs.Operations.Popup" is_group="true" forse_popup="false" action_type="-1" position="21">
      <path value="root" />
      <option name="myInitialPosition" value="-1" />
    </group>
    <group value="Vcs.Operations.Popup" is_group="true" forse_popup="false" action_type="-1" position="21">
      <path value="root" />
      <option name="myInitialPosition" value="-1" />
    </group>
    <group value="Vcs.Log.Toolbar.RightCorner" is_group="true" forse_popup="false" action_type="-1" position="20">
      <path value="root" />
      <option name="myInitialPosition" value="-1" />
    </group>
    <group value="Vcs.Log.Toolbar.RightCorner" is_group="true" forse_popup="false" action_type="-1" position="20">
      <path value="root" />
      <option name="myInitialPosition" value="-1" />
    </group>
    <group value="Vcs.Log.ChangesBrowser.Toolbar" is_group="true" forse_popup="false" action_type="-1" position="19">
      <path value="root" />
      <option name="myInitialPosition" value="-1" />
    </group>
    <group value="Vcs.Log.ChangesBrowser.Toolbar" is_group="true" forse_popup="false" action_type="-1" position="19">
      <path value="root" />
      <option name="myInitialPosition" value="-1" />
    </group>
    <group value="ChangesViewToolbar" is_group="true" forse_popup="false" action_type="-1" position="18">
      <path value="root" />
      <option name="myInitialPosition" value="-1" />
    </group>
    <group value="ChangesViewToolbar" is_group="true" forse_popup="false" action_type="-1" position="18">
      <path value="root" />
      <option name="myInitialPosition" value="-1" />
    </group>
    <group value="RunTab.TopToolbar" is_group="true" forse_popup="false" action_type="-1" position="17">
      <path value="root" />
      <option name="myInitialPosition" value="-1" />
    </group>
    <group value="RunTab.TopToolbar" is_group="true" forse_popup="false" action_type="-1" position="17">
      <path value="root" />
      <option name="myInitialPosition" value="-1" />
    </group>
    <group value="RunTab.TopToolbar.More" is_group="true" forse_popup="false" action_type="-1" position="16">
      <path value="root" />
      <option name="myInitialPosition" value="-1" />
    </group>
    <group value="RunTab.TopToolbar.More" is_group="true" forse_popup="false" action_type="-1" position="16">
      <path value="root" />
      <option name="myInitialPosition" value="-1" />
    </group>
    <group value="StreamingToolbarPhysicalDevice" is_group="true" forse_popup="false" action_type="-1" position="15">
      <path value="root" />
      <option name="myInitialPosition" value="-1" />
    </group>
    <group value="StreamingToolbarPhysicalDevice" is_group="true" forse_popup="false" action_type="-1" position="15">
      <path value="root" />
      <option name="myInitialPosition" value="-1" />
    </group>
    <group value="Markdown.Toolbar.Floating" is_group="true" forse_popup="false" action_type="-1" position="15">
      <path value="root" />
      <option name="myInitialPosition" value="-1" />
    </group>
    <group value="Markdown.Toolbar.Floating" is_group="true" forse_popup="false" action_type="-1" position="14">
      <path value="root" />
      <option name="myInitialPosition" value="-1" />
    </group>
    <group value="Floating.CodeToolbar" is_group="true" forse_popup="false" action_type="-1" position="14">
      <path value="root" />
      <option name="myInitialPosition" value="-1" />
    </group>
    <group value="Floating.CodeToolbar" is_group="true" forse_popup="false" action_type="-1" position="13">
      <path value="root" />
      <option name="myInitialPosition" value="-1" />
    </group>
    <group value="Vcs.FileHistory.Toolbar" is_group="true" forse_popup="false" action_type="-1" position="13">
      <path value="root" />
      <option name="myInitialPosition" value="-1" />
    </group>
    <group value="Vcs.FileHistory.Toolbar" is_group="true" forse_popup="false" action_type="-1" position="12">
      <path value="root" />
      <option name="myInitialPosition" value="-1" />
    </group>
    <group value="Vcs.FileHistory.Toolbar" is_group="true" forse_popup="false" action_type="-1" position="12">
      <path value="root" />
      <option name="myInitialPosition" value="-1" />
    </group>
    <group value="StreamingToolbarVirtualDevice" is_group="true" forse_popup="false" action_type="-1" position="12">
      <path value="root" />
      <option name="myInitialPosition" value="-1" />
    </group>
    <group value="XDebugger.Watches.Tree.Toolbar" is_group="true" forse_popup="false" action_type="-1" position="11">
      <path value="root" />
      <option name="myInitialPosition" value="-1" />
    </group>
    <group value="XDebugger.Watches.Tree.Toolbar" is_group="true" forse_popup="false" action_type="-1" position="11">
      <path value="root" />
      <option name="myInitialPosition" value="-1" />
    </group>
    <group value="XDebugger.ToolWindow.TopToolbar3" is_group="true" forse_popup="false" action_type="-1" position="10">
      <path value="root" />
      <option name="myInitialPosition" value="-1" />
    </group>
    <group value="XDebugger.ToolWindow.TopToolbar3.Extra" is_group="true" forse_popup="false" action_type="-1" position="9">
      <path value="root" />
      <option name="myInitialPosition" value="-1" />
    </group>
    <group value="XDebugger.ToolWindow.TopToolbar3.Extra" is_group="true" forse_popup="false" action_type="-1" position="9">
      <path value="root" />
      <option name="myInitialPosition" value="-1" />
    </group>
    <group value="NavBarToolBar" is_group="true" forse_popup="false" action_type="-1" position="8">
      <path value="root" />
      <option name="myInitialPosition" value="-1" />
    </group>
    <group value="NavBarToolBar" is_group="true" forse_popup="false" action_type="-1" position="8">
      <path value="root" />
      <option name="myInitialPosition" value="-1" />
    </group>
    <group value="NavbarPopupMenu" is_group="true" forse_popup="false" action_type="-1" position="7">
      <path value="root" />
      <option name="myInitialPosition" value="-1" />
    </group>
    <group value="NavbarPopupMenu" is_group="true" forse_popup="false" action_type="-1" position="7">
      <path value="root" />
      <option name="myInitialPosition" value="-1" />
    </group>
    <group value="ScopeViewPopupMenu" is_group="true" forse_popup="false" action_type="-1" position="6">
      <path value="root" />
      <option name="myInitialPosition" value="-1" />
    </group>
    <group value="ScopeViewPopupMenu" is_group="true" forse_popup="false" action_type="-1" position="6">
      <path value="root" />
      <option name="myInitialPosition" value="-1" />
    </group>
    <group value="ProjectViewPopupMenu" is_group="true" forse_popup="false" action_type="-1" position="5">
      <path value="root" />
      <option name="myInitialPosition" value="-1" />
    </group>
    <group value="EditorTabPopupMenu" is_group="true" forse_popup="false" action_type="-1" position="4">
      <path value="root" />
      <option name="myInitialPosition" value="-1" />
    </group>
    <group value="EditorGutterPopupMenu" is_group="true" forse_popup="false" action_type="-1" position="3">
      <path value="root" />
      <option name="myInitialPosition" value="-1" />
    </group>
    <group value="EditorPopupMenu" is_group="true" forse_popup="false" action_type="-1" position="2">
      <path value="root" />
      <option name="myInitialPosition" value="-1" />
    </group>
    <group value="MainToolbarVCSGroup" is_group="true" forse_popup="false" action_type="-1" position="2">
      <path value="root" />
      <path value="Main Toolbar" />
      <path value="Left" />
      <option name="myInitialPosition" value="-1" />
    </group>
    <group value="MainToolbarNewUI" is_group="true" forse_popup="false" action_type="-1" position="1">
      <path value="root" />
      <option name="myInitialPosition" value="-1" />
    </group>
    <group value="tasks.switch" is_action="true" action_type="-1" position="1">
      <path value="root" />
      <path value="Main Toolbar" />
      <path value="Left" />
      <option name="myInitialPosition" value="-1" />
    </group>
    <group value="MainToolbarNewUI" is_group="true" forse_popup="false" action_type="-1" position="1">
      <path value="root" />
      <option name="myInitialPosition" value="-1" />
    </group>
    <group value="MainMenu" is_group="true" forse_popup="false" action_type="-1" position="0">
      <path value="root" />
      <option name="myInitialPosition" value="-1" />
    </group>
    <group value="MainMenu" is_group="true" forse_popup="false" action_type="-1" position="0">
      <path value="root" />
      <option name="myInitialPosition" value="-1" />
    </group>
    <group seperator="true" action_type="-1" position="0">
      <path value="root" />
      <path value="Main Toolbar" />
      <path value="Left" />
      <path value="General Actions" />
      <option name="myInitialPosition" value="-1" />
    </group>
    <group value="DeviceAndSnapshotComboBox" is_action="true" action_type="-1" position="0">
      <path value="root" />
      <path value="Main Toolbar" />
      <path value="Right" />
      <option name="myInitialPosition" value="-1" />
    </group>
    <group value="Back" is_action="true" action_type="1" position="0">
      <path value="root" />
      <path value="Main Toolbar" />
      <path value="Left" />
      <path value="General Actions" />
      <option name="myInitialPosition" value="-1" />
    </group>
    <group value="AttachDebuggerAction" is_action="true" action_type="1" position="0">
      <path value="root" />
      <path value="Main Toolbar" />
      <path value="Right" />
      <option name="myInitialPosition" value="-1" />
    </group>
    <group value="Synchronize" is_action="true" action_type="1" position="1">
      <path value="root" />
      <path value="Main Toolbar" />
      <path value="Left" />
      <option name="myInitialPosition" value="-1" />
    </group>
    <group value="Forward" is_action="true" action_type="1" position="1">
      <path value="root" />
      <path value="Main Toolbar" />
      <path value="Left" />
      <path value="General Actions" />
      <option name="myInitialPosition" value="-1" />
    </group>
    <group value="AttachDebuggerAction" is_action="true" action_type="1" position="1">
      <path value="root" />
      <path value="Main Toolbar Right" />
      <path value="Flutter.MainToolbarActions" />
      <option name="myInitialPosition" value="-1" />
    </group>
    <group seperator="true" action_type="1" position="2">
      <path value="root" />
      <path value="Main Toolbar" />
      <path value="Left" />
      <option name="myInitialPosition" value="-1" />
    </group>
    <group value="Flutter.Toolbar.ReloadAction" is_action="true" action_type="1" position="2">
      <path value="root" />
      <path value="Main Toolbar" />
      <path value="Right" />
      <option name="myInitialPosition" value="-1" />
    </group>
    <group value="Flutter.Toolbar.RestartAction" is_action="true" action_type="1" position="3">
      <path value="root" />
      <path value="Main Toolbar" />
      <path value="Right" />
      <option name="myInitialPosition" value="-1" />
    </group>
    <group value="Flutter.Toolbar.ReloadAction" is_action="true" action_type="1" position="3">
      <path value="root" />
      <path value="Main Toolbar Right" />
      <path value="RunToolbarWidgetCustomizableActionGroup" />
      <option name="myInitialPosition" value="-1" />
    </group>
    <group seperator="true" action_type="1" position="4">
      <path value="root" />
      <path value="Main Toolbar" />
      <path value="Left" />
      <option name="myInitialPosition" value="-1" />
    </group>
    <group value="Flutter.Toolbar.RestartAction" is_action="true" action_type="1" position="4">
      <path value="root" />
      <path value="Main Toolbar Right" />
      <path value="RunToolbarWidgetCustomizableActionGroup" />
      <option name="myInitialPosition" value="-1" />
    </group>
    <group value="EditorToggleColumnMode" is_action="true" action_type="1" position="5">
      <path value="root" />
      <path value="Main Toolbar" />
      <path value="Left" />
      <option name="myInitialPosition" value="-1" />
    </group>
    <group value="OptimizeImports" is_action="true" action_type="1" position="6">
      <path value="root" />
      <path value="Main Toolbar" />
      <path value="Left" />
      <option name="myInitialPosition" value="-1" />
    </group>
    <group value="Dart.DartStyle" is_action="true" action_type="1" position="7">
      <path value="root" />
      <path value="Main Toolbar" />
      <path value="Left" />
      <option name="myInitialPosition" value="-1" />
    </group>
    <group seperator="true" action_type="1" position="8">
      <path value="root" />
      <path value="Main Toolbar" />
      <path value="Left" />
      <option name="myInitialPosition" value="-1" />
    </group>
    <group value="GitConflict.Highlight" is_action="true" action_type="1" position="9">
      <path value="root" />
      <path value="Main Toolbar" />
      <path value="Left" />
      <option name="myInitialPosition" value="-1" />
    </group>
    <group seperator="true" action_type="1" position="10">
      <path value="root" />
      <path value="Main Toolbar" />
      <path value="Left" />
      <option name="myInitialPosition" value="-1" />
    </group>
    <group value="Flutter.ExtractWidget" is_action="true" action_type="1" position="11">
      <path value="root" />
      <path value="Main Toolbar" />
      <path value="Left" />
      <option name="myInitialPosition" value="-1" />
    </group>
    <group value="ExtractMethod" is_action="true" action_type="1" position="12">
      <path value="root" />
      <path value="Main Toolbar" />
      <path value="Left" />
      <option name="myInitialPosition" value="-1" />
    </group>
    <group value="EvaluateExpression" is_action="true" action_type="1" position="13">
      <path value="root" />
      <path value="Debug Header Toolbar" />
      <option name="myInitialPosition" value="-1" />
    </group>
    <group value="NewDir" is_action="true" action_type="1" position="13">
      <path value="root" />
      <path value="Main Toolbar" />
      <path value="Left" />
      <option name="myInitialPosition" value="-1" />
    </group>
    <group value="QuickEvaluateExpression" is_action="true" action_type="1" position="14">
      <path value="root" />
      <path value="Debug Header Toolbar" />
      <option name="myInitialPosition" value="-1" />
    </group>
    <group value="Dart.NewDartFile" is_action="true" action_type="1" position="14">
      <path value="root" />
      <path value="Main Toolbar" />
      <path value="Left" />
      <option name="myInitialPosition" value="-1" />
    </group>
    <group value="ShowExecutionPoint" is_action="true" action_type="1" position="15">
      <path value="root" />
      <path value="Debug Header Toolbar" />
      <option name="myInitialPosition" value="-1" />
    </group>
    <group seperator="true" action_type="1" position="15">
      <path value="root" />
      <path value="Main Toolbar" />
      <path value="Left" />
      <option name="myInitialPosition" value="-1" />
    </group>
    <group value="GenerateBlocId" is_action="true" action_type="1" position="16">
      <path value="root" />
      <path value="Main Toolbar" />
      <path value="Left" />
      <option name="myInitialPosition" value="-1" />
    </group>
    <group value="GenerateCubitId" is_action="true" action_type="1" position="17">
      <path value="root" />
      <path value="Main Toolbar" />
      <path value="Left" />
      <option name="myInitialPosition" value="-1" />
    </group>
    <group seperator="true" action_type="1" position="18">
      <path value="root" />
      <path value="Main Toolbar" />
      <path value="Left" />
      <option name="myInitialPosition" value="-1" />
    </group>
    <group value="RenameElement" is_action="true" action_type="1" position="19">
      <path value="root" />
      <path value="Main Toolbar" />
      <path value="Left" />
      <option name="myInitialPosition" value="-1" />
    </group>
    <group value="$Copy" is_action="true" action_type="1" position="20">
      <path value="root" />
      <path value="Main Toolbar" />
      <path value="Left" />
      <option name="myInitialPosition" value="-1" />
    </group>
    <group value="EvaluateExpression" is_action="true" action_type="1" position="21">
      <path value="root" />
      <path value="Main Toolbar" />
      <path value="Left" />
      <option name="myInitialPosition" value="-1" />
    </group>
    <group value="CopyReferencePopupGroup" is_group="true" forse_popup="true" action_type="1" position="22">
      <path value="root" />
      <path value="Main Toolbar" />
      <path value="Left" />
      <option name="myInitialPosition" value="-1" />
    </group>
    <group seperator="true" action_type="1" position="23">
      <path value="root" />
      <path value="Main Toolbar" />
      <path value="Left" />
      <option name="myInitialPosition" value="-1" />
    </group>
    <group value="tasks.switch" is_action="true" action_type="1" position="24">
      <path value="root" />
      <path value="Main Toolbar" />
      <path value="Left" />
      <option name="myInitialPosition" value="-1" />
    </group>
    <action id="GenerateCubitId" icon="/Users/sid/Desktop/vuesax/outline/3d-cube-scan.svg" />
    <action id="main.toolbar.Project" icon="jar:file:/Users/sid/Applications/Android%20Studio.app/Contents/lib/app.jar!/expui/toolbar/unknown.svg" />
    <action id="RenameElement" icon="RemoteServers.EditServerConfig" />
    <action id="IntroduceActionsGroup" icon="Images.Thumbnails.UpFolder" />
    <action id="ManageRecentProjects" icon="jar:file:/Users/sid/Applications/Android%20Studio.app/Contents/lib/app.jar!/expui/toolbar/unknown.svg" />
    <action id="OptimizeImports" icon="ProblemsView.ShowPreview" />
    <action id="Flutter.ExtractWidget" icon="IntroduceActionsGroup" />
    <action id="GenerateBlocId" icon="/Users/sid/Desktop/ent-assets/new.png" />
    <action id="QuickEvaluateExpression" icon="jar:file:/Users/sid/Applications/Android%20Studio.app/Contents/lib/app.jar!/expui/toolbar/unknown.svg" />
    <action id="ExtractMethod" icon="BookmarksView.Create" />
    <action id="DeviceAndSnapshotComboBox" icon="jar:file:/Applications/Android%20Studio.app/Contents/lib/app.jar!/expui/toolbar/unknown.svg" />
    <action id="NewDir" icon="FileChooser.NewFolder" />
    <action id="EditorToggleColumnMode" icon="Markdown.Table.SelectCurrentColumn.SelectContentCells" />
    <action id="CopyReferencePopupGroup" icon="QuickDocCopy" />
    <action id="GitConflict.Highlight" icon="hg4idea.QGotoFromPatches" />
    <action id="Dart.DartStyle" icon="SmartStepInto" />
  </component>
</application>