<application>
  <component name="BitRates">
    <option name="bitRateTrackers">
      <map>
        <entry key="samsung|SM-A325F|arm64-v8a|33">
          <value>
            <BitRateTracker>
              <option name="bitRate" value="2000000" />
            </BitRateTracker>
          </value>
        </entry>
        <entry key="vivo|vivo 1938|arm64-v8a|31">
          <value>
            <BitRateTracker>
              <option name="bitRate" value="5000000" />
            </BitRateTracker>
          </value>
        </entry>
      </map>
    </option>
  </component>
</application>