<application>
  <component name="FileTypeManager" version="19">
    <extensionMap>
      <mapping pattern=".env_prod" type="PLAIN_TEXT" />
      <mapping pattern=".env_sandbox" type="PLAIN_TEXT" />
      <mapping ext="plist" type="PLAIN_TEXT" />
      <mapping ext="db" type="SQL" />
      <removed_mapping ext="apk" approved="true" type="ARCHIVE" />
      <removed_mapping ext="ignore" approved="true" type="IgnoreLang file" />
      <removed_mapping ext="pro" approved="true" type="DeviceSpecFile" />
      <removed_mapping ext="psd" approved="true" type="Image" />
      <removed_mapping pattern="pubspec.lock" approved="true" type="YAML" />
      <mapping ext="db" type="SQL" />
    </extensionMap>
  </component>
</application>