<application>
  <component name="GithubAccounts">
    <account name="dev-mohsin" id="1bedbfc3-8284-41fc-b9e4-d1fa622f1a29">
      <server host="github.com" />
    </account>
    <account name="azharbinanwar" id="af4f4a77-b36e-4288-b8a7-4a13c5ea1939">
      <server host="github.com" />
    </account>
    <account name="azharaliidoc" id="1edbb391-e2de-4fa4-a1ab-28848e5ab12e">
      <server host="github.com" />
    </account>
  </component>
  <component name="GithubSettings">
    <option name="COPY_URL_GIST" value="true" />
    <option name="CLONE_GIT_USING_SSH" value="true" />
  </component>
</application>