<application>
  <component name="GithubAccounts">
    <account name="azharaliidoc" id="1edbb391-e2de-4fa4-a1ab-28848e5ab12e">
      <server host="github.com" />
    </account>
    <account name="azharalidev99" id="4b094050-1cba-4527-ba17-a60de3e7f700">
      <server host="github.com" />
    </account>
    <account name="dev-mohsin" id="accb06fc-2371-4998-9d7f-84d032c0f4fd">
      <server host="github.com" />
    </account>
    <account name="mhamzadev99" id="c9c7dd1c-ab16-4e03-86ab-7e1d05158ef4">
      <server host="github.com" />
    </account>
    <account name="notifydanish" id="41f3afd2-dedc-4202-9987-ef230393b5f8">
      <server host="github.com" />
    </account>
    <account name="irfanelahidev69" id="48ac2f4a-2de2-4e5b-bc11-f4ec24c3cf24">
      <server host="github.com" />
    </account>
    <account name="launchtile" id="18b64d92-c9aa-4489-ad6b-2cabb8dfff5a">
      <server host="github.com" />
    </account>
    <account name="azharbinanwar" id="af4f4a77-b36e-4288-b8a7-4a13c5ea1939">
      <server host="github.com" />
    </account>
    <account name="irfanelahidev69" id="a7c776ab-66e3-4d2e-ab79-ef994bcff5d2">
      <server host="github.com" />
    </account>
  </component>
  <component name="GithubSettings">
    <option name="COPY_URL_GIST" value="true" />
    <option name="CLONE_GIT_USING_SSH" value="true" />
  </component>
</application>