<application>
  <component name="ParameterNameHintsSettings">
    <option id="java.multiple.params.same.type" value="true" />
    <option id="oc.clangd.namehints.enums" value="false" />
    <option id="oc.clangd.namehints.array.indices" value="false" />
    <option id="java.simple.sequentially.numbered" value="true" />
    <option id="oc.clangd.namehints.construct.expr" value="false" />
    <option id="java.clear.expression.type" value="true" />
    <option id="oc.clangd.namehints.non.const.references" value="false" />
    <option id="java.method.name.contains.parameter.name" value="true" />
    <disabledLanguages>
      <language id="ObjectiveC" />
      <language id="kotlin" />
      <language id="Groovy" />
      <language id="Dart" />
    </disabledLanguages>
  </component>
</application>