<application>
  <component name="ProjectViewSharedSettings">
    <option name="abbreviatePackages" value="true" />
    <option name="autoscrollFromSource" value="true" />
    <option name="autoscrollToSource" value="true" />
    <option name="flattenPackages" value="true" />
    <option name="hideEmptyPackages" value="false" />
    <option name="openDirectoriesWithSingleClick" value="true" />
    <option name="showMembers" value="true" />
    <option name="showVisibilityIcons" value="true" />
    <option name="sortKey" value="BY_TYPE" />
  </component>
</application>