<application>
  <component name="ProjectManager">
    <defaultProject>
      <component name="ExternalStorageConfigurationManager" enabled="true" />
      <component name="ProjectViewState">
        <option name="abbreviatePackageNames" value="true" />
        <option name="autoscrollFromSource" value="true" />
        <option name="autoscrollToSource" value="true" />
        <option name="flattenPackages" value="true" />
        <option name="openDirectoriesWithSingleClick" value="true" />
        <option name="showLibraryContents" value="true" />
        <option name="showMembers" value="true" />
        <option name="showVisibilityIcons" value="true" />
        <option name="sortByType" value="true" />
        <option name="sortKey" value="BY_TYPE" />
      </component>
      <component name="PropertiesComponent"><![CDATA[{
  "keyToString": {
    "project.structure.last.edited": "Gradle",
    "project.structure.proportion": "0.17",
    "project.structure.side.proportion": "0.0"
  }
}]]></component>
      <component name="WindowStateProjectService">
        <state x="477" y="262" key="#PSD" timestamp="1730906737222">
          <screen x="0" y="0" width="1920" height="1032" />
        </state>
        <state x="477" y="262" key="#PSD/-1920.0.1920.1032/0.0.1920.1032" timestamp="1730906737222" />
        <state x="740" y="268" key="FileChooserDialogImpl" timestamp="1730906720253">
          <screen x="0" y="0" width="1920" height="1032" />
        </state>
        <state x="740" y="268" key="FileChooserDialogImpl/-1920.0.1920.1032/0.0.1920.1032" timestamp="1730906720253" />
      </component>
    </defaultProject>
  </component>
</application>