<application>
  <component name="CachedDictionaryState">
    <words>
      <w>ajaz</w>
      <w>ajza</w>
      <w>autoscale</w>
      <w>autovalidate</w>
      <w>ayahinfo</w>
      <w>dont</w>
      <w>entcore</w>
      <w>freezed</w>
      <w>getme</w>
      <w>juzs</w>
      <w>lerp</w>
      <w>pinput</w>
      <w>quorani</w>
      <w>signin</w>
      <w>skeletonizer</w>
      <w>sqflite</w>
      <w>supercoder</w>
      <w>svgs</w>
      <w>tabbarview</w>
      <w>unfocus</w>
      <w>usecases</w>
      <w>webview</w>
    </words>
  </component>
</application>