<application>
  <component name="StudioBotSettings">
    <option name="contextSharingModeV2" value="AlwaysShare" />
    <option name="onboardedVersion" value="3" />
    <option name="queryHistory">
      <list>
        <historyEntry timestamp="1721820506510">Make suggestions to improve this code:
void Function(int, int)? async* onProgress;</historyEntry>
        <historyEntry timestamp="1716054734452">share some doctor job tiltle like consultant or more</historyEntry>
        <historyEntry timestamp="1716017147021">create flutter project with cammand line</historyEntry>
        <historyEntry timestamp="1715706225452">Make suggestions to improve this code:
int get basketCount{
  int count = 0;
  for (var element in _items) {
    count += element.count;
  }
  return count;
}</historyEntry>
        <historyEntry timestamp="1715679493310">Make suggestions to improve this code:
final state = ref.watch(productsNotifierProvider);
   int basketNotifier = ref.read(basketNotifierProvider);

   return Scaffold(
     appBar: AppBar(
       title: Text('Hallo, ${state.user}'),</historyEntry>
      </list>
    </option>
  </component>
</application>