<application>
  <component name="ProjectViewFileNesting">
    <nesting-rules />
  </component>
  <component name="UISettings">
    <option name="ACTIVATE_MRU_EDITOR_ON_CLOSE" value="true" />
    <option name="EDITOR_TAB_LIMIT" value="15" />
    <option name="MAX_LOOKUP_WIDTH2" value="863" />
    <option name="OPEN_IN_PREVIEW_TAB_IF_POSSIBLE" value="true" />
    <option name="SHOW_FILE_ICONS_IN_TABS" value="false" />
    <option name="SHOW_MAIN_TOOLBAR" value="true" />
    <option name="SHOW_NAVIGATION_BAR" value="false" />
    <option name="UI_DENSITY" value="COMPACT" />
  </component>
</application>