<application>
  <component name="UpdatesConfigurable">
    <ignoredBuildNumbers>
      <item value="system-images;android-33;google_apis;x86_64#14" />
    </ignoredBuildNumbers>
    <option name="LAST_BUILD_CHECKED" value="AI-241.18034.62.2421.12053482" />
    <option name="LAST_TIME_CHECKED" value="1720441961343" />
    <option name="OBSOLETE_CUSTOM_REPOSITORIES_CLEAN_NEEDED" value="false" />
    <option name="THIRD_PARTY_PLUGINS_ALLOWED" value="true" />
    <option name="UPDATE_CHANNEL_TYPE" value="milestone" />
  </component>
</application>