<application>
  <component name="UpdatesConfigurable">
    <ignoredBuildNumbers>
      <item value="system-images;android-33;google_apis;x86_64#14" />
    </ignoredBuildNumbers>
    <option name="LAST_BUILD_CHECKED" value="AI-241.17011.79.2412.11958026" />
    <option name="LAST_TIME_CHECKED" value="1719117917007" />
    <option name="OBSOLETE_CUSTOM_REPOSITORIES_CLEAN_NEEDED" value="false" />
    <option name="THIRD_PARTY_PLUGINS_ALLOWED" value="true" />
    <option name="UPDATE_CHANNEL_TYPE" value="milestone" />
  </component>
</application>